param_SVM__max_iter,test acc,train acc
1,0.221,0.22425
2,0.3485,0.3565
4,0.441,0.451875
8,0.522,0.5215
16,0.552,0.5565
