param_SVM__max_iter,test acc,train acc
1,0.256,0.251375
2,0.3875,0.3955
4,0.4385,0.44475
8,0.4535,0.46575
16,0.572,0.565
