param_SVM__max_iter,test acc,train acc
1,0.765,0.808375
2,0.733,0.811375
4,0.7785,0.819625
8,0.755,0.8715
16,0.773,0.84575
