param_SVM__max_iter,test acc,train acc
1,0.8155,0.8275
2,0.8225,0.85925
4,0.826,0.86475
8,0.825,0.865625
16,0.825,0.86575
