param_SVM__max_iter,test acc,train acc
1,0.5000000000000001,0.5
2,0.5000000000000001,0.5
4,0.5000000000000001,0.5
8,0.5000000000000001,0.5
16,0.5000000000000001,0.5
